tips.game.skinpacks	Puedes cambiar el aspecto de tu personaje con el pack de aspecto de la Tienda. Ve a la "Tienda" en el menú principal para ver qué hay disponible.
tips.game.1	¡Los gólems de hierro pelearán por ti!
tips.game.2	Varía la configuración de brillo para que la visualización del juego sea más clara o más oscura.
tips.game.3	Si estableces la dificultad del juego en Pacífico, tu salud se regenerará automáticamente. ¡Además, no saldrán monstruos por la noche!
tips.game.4	Dale un hueso a un lobo para domesticarlo. Puedes hacer que se siente o que te siga.
tips.game.5	Si te pones una calabaza en la cabeza, los Enderman no te atacarán.
tips.game.6	Si duermes en una cama de noche, el juego avanzará hasta el amanecer, pero en los juegos multijugador todos los jugadores tienen que dormir en camas al mismo tiempo.
tips.game.7	Los cerdos, las vacas, las ovejas, los conejos y las gallinas se convierten en comida. ¡Cocínala y cómetela para recuperar tu salud!
tips.game.8	Consigue el cuero de las vacas y úsalo para fabricar armaduras y libros.
tips.game.9	Si tienes una cubeta vacía, puedes llenarla con leche de vaca, agua ¡o lava!
tips.game.10	Usa un azadón para preparar el terreno para plantar.
tips.game.11	Las arañas no atacan durante el día, a no ser que tú las ataques a ellas.
tips.game.12	Si alimentas a un animal, evitarás que desaparezca. Construye un corral para mantener a tus animales a salvo.
tips.game.13	La comida cocinada sacia el hambre mejor que la comida cruda.
tips.game.14	Fabrica antorchas para iluminar las zonas oscuras. ¡Los monstruos merodean en la oscuridad!
tips.game.15	¡Con una vagoneta y un riel llegarás a tu destino más rápido!
tips.game.16	Planta retoños y se convertirán en árboles.
tips.game.17	Los hombres cerdo no te atacarán a no ser que tú los ataques a ellos.
tips.game.18	Puedes dormir en una cama para cambiar el punto de generación del juego y avanzar hasta el amanecer.
tips.game.19	¡Lanza esas bolas de fuego de vuelta al Ghast!
tips.game.20	Si construyes un portal podrás viajar a otra dimensión: el inframundo.
tips.game.22	¡Utiliza la herramienta adecuada! ¡Puedes escarbar tierra mucho más rápido con una pala que con un pico!
tips.game.23	Si no encuentras carbón para las antorchas, puedes convertir a los árboles en carbón vegetal con un horno.
tips.game.24	Excavar en línea recta hacia abajo o hacia arriba no es buena idea.
tips.game.25	¡El polvo de hueso (se fabrica con un hueso de esqueleto) se puede usar como fertilizante y hace que las cosas crezcan al instante!
tips.game.26	¡Los Creepers explotan cuando se acercan a ti!
tips.game.27	La obsidiana se crea cuando el agua toca un bloque de origen de lava.
tips.game.28	Si quitas el bloque de origen del agua o la lava, el flujo desaparecerá por completo.
tips.game.29	Los adoquines son resistentes a las bolas de fuego del Ghast, lo que los hace útiles para defender portales.
tips.game.30	Los bloques que se pueden usar como fuente de luz derriten la nieve y el hielo. Entre ellos se incluyen las antorchas, las piedras luminosas y las calabazas iluminadas.
tips.game.31	Ten cuidado cuando construyas estructuras de lana al aire libre, ya que los rayos de las tormentas pueden prenderles fuego.
tips.game.32	Una sola cubeta de lava se puede usar para fundir 100 bloques en un horno.
tips.game.33	El instrumento que toca un bloque musical depende del material que tenga debajo.
tips.game.34	Los zombis y los esqueletos pueden sobrevivir a la luz del día si están en el agua o si tienen un casco.
tips.game.35	Si atacas a un lobo provocarás que todos los lobos de los alrededores se vuelvan hostiles hacia ti y te ataquen. Esta característica la comparten también los hombres cerdo zombis.
tips.game.36	Los lobos y los gólems de hierro no atacan a los Creepers.
tips.game.37	Las gallinas ponen huevos cada 5 o 10 minutos.
tips.game.38	La obsidiana solo se puede extraer con un pico de diamante.
tips.game.39	Los Creepers son la fuente de pólvora más fácil de obtener.
tips.game.41	Si colocas dos cofres juntos crearás un cofre grande.
tips.game.42	Los lobos domesticados indican su salud con la posición de su cola. Dales de comer para curarlos.
tips.game.43	Los tintes de diferentes colores se pueden crear con varios materiales. ¡Cocina un cactus en un horno para obtener tinte verde!
tips.game.44	En los dispositivos móviles, puedes descargar el pack "Música de Minecraft" en la categoría de Música de la Tienda de Minecraft.
tips.game.45	Algunos animales te seguirán si llevas trigo en la mano.
tips.trivia.1	¡Música creada por C418!
tips.trivia.2	¡En algún momento habrá una actualización de este juego!
tips.trivia.3	¡Mojang tiene más premios que empleados!
tips.trivia.4	¡Hay varios famosos que juegan Minecraft!
tips.trivia.5	No mires directamente a los bichos.
tips.trivia.6	Los Creepers surgieron de un error de código.
tips.trivia.7	¿Es una gallina o es un pato?
tips.trivia.8	¿Fuiste a MINECON?
tips.trivia.9	Nadie le ha visto la cara a Junkboy en Mojang.
tips.trivia.10	¿Sabías que hay una Wiki de Minecraft?
tips.trivia.11	¡MINECON 2011 se llevó a cabo en Las Vegas, Nevada, EUA!
tips.trivia.12	¡MINECON 2012 se llevó a cabo en París, Francia!
tips.trivia.13	¡MINECON 2013 se llevó a cabo en Orlando, Florida, EUA!
tips.trivia.14	Nadie recuerda dónde se llevó a cabo MINECON en 2014.
tips.trivia.15	¡MINECON 2015 se llevó a cabo en Londres, Reino Unido!
tips.trivia.16	¡MINECON 2016 se llevó a cabo en Anaheim, California, EUA!
tips.trivia.17	Es mejor suponer que los rumores son falsos, ¡no creas que son ciertos!
tips.trivia.18	¡La primera versión de Minecraft se creó en solo 6 días!
tips.trivia.19	En realidad, el idioma de los Enderman es inglés al revés.
tips.trivia.20	El nombre original de Minecraft era Cave Game.
tips.trivia.21	¡Cuando a un cerdo lo golpea un rayo, se convierte en hombre cerdo zombi!
tips.trivia.22	¡A los Enderman no les gusta bañarse! 
tips.trivia.23	¡Algunas veces, los gólems de hierro les dan flores a los niños aldeanos!
tips.trivia.24	¡Un jockey de arañas aparece muy rara vez, cuando un esqueleto monta a una araña!
tips.trivia.25	Si avanzas un bloque en el inframundo, esto equivale a avanzar ocho bloques en la superficie.
numc3ds.transfer.import	Importando mundos
numc3ds.transfer.export	Exportando mundo
numc3ds.transfer.export_action	Exportar mundo
numc3ds.transfer.copying	Copiando mundo
numc3ds.transfer.verifying	Verificando mundo
numc3ds.transfer.replacing	Reemplazando exportación
numc3ds.transfer.invalid	Mundo no válido omitido
numc3ds.transfer.capacity	No hay suficiente espacio de almacenamiento
numc3ds.transfer.cancelled	Transferencia cancelada
numc3ds.transfer.cleanup	Se necesita limpiar la tarjeta SD
numc3ds.transfer.complete	Transferencia completada
numc3ds.transfer.replace	Reemplazar exportación
numc3ds.transfer.cancel	Cancelar
