tips.game.skinpacks	스토어의 캐릭터 팩으로 캐릭터의 외형을 바꿀 수 있습니다. 주 메뉴의 '스토어'를 선택해 확인해보세요.
tips.game.1	철 골렘이 있으면 플레이어 대신 싸웁니다.
tips.game.2	게임의 밝기를 높이거나 낮추려면 감마 설정을 변경하세요.
tips.game.3	평화로움 난이도를 선택하면 체력이 자동으로 회복되고 밤에 몬스터가 출몰하지 않습니다.
tips.game.4	늑대를 길들이려면 뼈를 먹이로 주세요. 길들인 늑대는 명령에 따라 앉아서 기다리거나 플레이어를 따라다닙니다.
tips.game.5	호박을 머리에 착용하고 있으면 엔더맨이 공격하지 않습니다.
tips.game.6	밤에 침대에서 자면 시간을 새벽으로 건너뛸 수 있습니다. 멀티 플레이어 게임에서는 동시에 모든 플레이어가 잠들어야 합니다.
tips.game.7	돼지, 소, 양, 토끼, 닭을 잡아 음식을 얻으세요. 요리해 익혀 먹으면 체력이 회복됩니다.
tips.game.8	소에게서 가죽을 얻고 그 가죽을 사용해 방어구를 제작하세요.
tips.game.9	빈 양동이를 사용하면 물, 용암 또는 소에서 짜낸 우유를 담을 수 있습니다.
tips.game.10	괭이를 사용해 식물을 심을 수 있는 땅을 만드세요.
tips.game.11	낮 시간의 거미는 먼저 공격을 했을 때만 덤벼 듭니다.
tips.game.12	동물이 사라지는 현상을 방지하려면 꾸준히 먹이를 주세요. 우리를 만들면 안전에 도움이 됩니다.
tips.game.13	익힌 음식은 날 음식보다 배고픔이 더 효과적으로 해소됩니다.
tips.game.14	횃불을 제작해 주변을 밝게 유지하세요. 어두운 곳에서는 몬스터가 나타납니다.
tips.game.15	광물 수레와 레일을 사용해 목적지까지 더 빠르게 이동하세요.
tips.game.16	묘목을 심으면 자라서 나무가 됩니다.
tips.game.17	피그맨은 먼저 공격을 받은 경우에만 공격합니다.
tips.game.18	침대를 자면 게임 시작 지점을 변경하고 시간을 새벽으로 건너뛸 수 있습니다.
tips.game.19	가스트가 쏘는 불덩이를 되받아치세요!
tips.game.20	포탈을 지으면 다른 차원의 세계인 네더로 여행을 떠날 수 있습니다.
tips.game.22	작업에 적합한 도구를 사용하세요. 흙을 파낼 때는 곡괭이보다 삽을 사용할 때 훨씬 빠릅니다.
tips.game.23	횃불을 만들 석탄이 없다면 화로에 나무를 넣고 숯을 만들어 사용하세요.
tips.game.24	수직으로 파내려가거나 올라가는 것은 추천하지 않습니다.
tips.game.25	스켈레톤 뼈에서 얻을 수 있는 뼛가루는 작물을 즉시 자라게 하는 비료로 쓸 수 있습니다.
tips.game.26	크리퍼는 접근하면 폭발합니다.
tips.game.27	흑요석은 물과 용암 블록이 만나면 생성됩니다.
tips.game.28	물이나 용암은 흘러나오는 원천 블록을 제거하면 완전히 사라집니다.
tips.game.29	가스트가 쏘는 화염구에 내성을 가지는 조약돌은 경계 포탈을 만드는 데 적합합니다.
tips.game.30	횃불, 발광석, 호박등과 같이 광원으로 사용 가능한 블록은 눈과 얼음을 녹입니다.
tips.game.31	양털로 만든 건축 구조물이 야외에 있으면 번개 때문에 불이 붙을 수도 있으므로 조심해야 합니다.
tips.game.32	용암 한 양동이로 화로에서 블록 100개를 녹일 수 있습니다.
tips.game.33	연주 음은 소리 블럭 아래 블록의 재질에 따라 달라집니다.
tips.game.34	물속에 있거나 투구를 쓴 좀비와 스켈레톤은 낮이 되어도 죽지 않습니다.
tips.game.35	늑대를 공격하면 근처에 있는 늑대들이 적대적으로 변해 플레이어를 공격합니다. 좀비 피그맨도 같은 특성을 가집니다.
tips.game.36	늑대와 철 골렘은 크리퍼를 공격하지 않습니다
tips.game.37	닭은 5분에서 10분마다 달걀을 낳습니다.
tips.game.38	흑요석은 다이아몬드 곡괭이로만 채굴할 수 있습니다.
tips.game.39	크리퍼를 처치하면 손쉽게 화약을 얻을 수 있습니다.
tips.game.41	두 개의 상자를 나란히 놓으면 큰 상자 하나를 만들 수 있습니다.
tips.game.42	길들인 늑대는 꼬리를 보면 체력 상태를 알 수 있습니다. 기운을 회복시키려면 고기를 먹이세요.
tips.game.43	염료는 다양한 재료에서 얻을 수 있습니다. 화로를 이용하면 선인장을 녹색 염료로 만들 수 있습니다.
tips.game.44	모바일 기기에서 Minecraft 상점의 음악 항목에 있는 "Minecraft 음악" 팩을 다운로드할 수 있습니다.
tips.game.45	손에 밀을 들고 있으면 일부 동물이 플레이어를 따라다닙니다.
tips.trivia.1	음악은 C418이 만들었습니다!
tips.trivia.2	언젠가는 업데이트가 있을 예정입니다!
tips.trivia.3	직원 수보다 받은 상 갯수가 더 많은 Mojang!
tips.trivia.4	유명인도 즐기는 Minecraft!
tips.trivia.5	버그에 너무 신경쓰지 마세요.
tips.trivia.6	크리퍼도 코딩 버그에서 나온 결과랍니다.
tips.trivia.7	닭일까요, 오리일까요?
tips.trivia.8	Minecon에 간 적 있나요?
tips.trivia.9	Junkboy의 실제 얼굴은 Mojang 직원 누구도 모릅니다.
tips.trivia.10	Minecraft 위키가 있다는 사실, 알고 계셨나요?
tips.trivia.11	MINECON 2011은 미국 네바다 주 라스베가스에서 개최되었습니다!
tips.trivia.12	MINECON 2012는 프랑스 파리에서 열렸습니다!
tips.trivia.13	Minecon 2013은 미국 플로리다 주 올랜도 시에서 개최되었습니다!
tips.trivia.14	MINECON 2014의 개최 장소를 기억하는 사람은 없답니다.
tips.trivia.15	MINECON 2015 개최지는 영국 런던입니다!
tips.trivia.16	MINECON 2016은 미국 캘리포니아 주 애너하임에서 개최되었습니다!
tips.trivia.17	소문은 진짜라고 믿기 보다는 거짓이라고 생각하는 게 좋답니다!
tips.trivia.18	Minecraft 최초 버전의 제작 기간은 단 6일이었답니다!
tips.trivia.19	엔더맨은 사실 거꾸로 들리는 영어를 사용합니다.
tips.trivia.20	Minecraft의 원래 이름은 Cave Game이었답니다.
tips.trivia.21	돼지가 번개에 맞으면 좀비 피그맨이 됩니다!
tips.trivia.22	엔더맨은 목욕을 싫어해요! 
tips.trivia.23	철 골렘은 가끔 마을 아이들에게 꽃을 선물한답니다!
tips.trivia.24	"스파이더 조키 (Spider Jockey)"는 드물게 스켈레톤이 거미를 타고 나타나는 현상을 의미합니다!
tips.trivia.25	네더에서 한 블록을 이동하면 지상에서 여덟 블록에 해당하는 거리를 이동하게 됩니다.
numc3ds.transfer.import	월드 가져오는 중
numc3ds.transfer.export	월드 내보내는 중
numc3ds.transfer.export_action	월드 내보내기
numc3ds.transfer.copying	월드 복사 중
numc3ds.transfer.verifying	월드 확인 중
numc3ds.transfer.replacing	내보내기 교체 중
numc3ds.transfer.invalid	잘못된 월드를 건너뛰었습니다
numc3ds.transfer.capacity	저장 공간이 부족합니다
numc3ds.transfer.cancelled	전송이 취소되었습니다
numc3ds.transfer.cleanup	SD 카드 정리가 필요합니다
numc3ds.transfer.complete	전송이 완료되었습니다
numc3ds.transfer.replace	내보내기 교체
numc3ds.transfer.cancel	취소
