tips.game.skinpacks	Je kunt het uiterlijk van je personage aanpassen met een skinpakket uit de winkel. Selecteer 'Winkel' in het hoofdmenu om te zien wat er beschikbaar is.
tips.game.1	IJzergolems vechten voor jou!
tips.game.2	Verander de helderheidsinstelling om het spel helderder of donkerder te maken.
tips.game.3	Als je de moeilijkheidsgraad van het spel instelt op Vreedzaam, wordt je gezondheid automatisch hersteld en zijn er 's nachts geen monsters!
tips.game.4	Geef een wolf een bot om hem te temmen. Je kunt hem dan laten zitten of je laten volgen.
tips.game.5	Als je een pompoen op je hoofd draagt, vallen Endermannen je niet aan.
tips.game.6	Slaap 's nachts in een bed om het spel snel vooruit te laten spoelen naar zonsopgang. Let wel op: alle spelers in een multiplayerspel moeten tegelijkertijd in bed slapen om dit te doen.
tips.game.7	Vergaar voedsel van varkens, koeien, schapen, konijnen en kippen. Kook en eet het om je gezondheid te herstellen!
tips.game.8	Vergaar leer van koeien en maak er een pantser of boeken van.
tips.game.9	Als je een lege emmer hebt, kun je die vullen met water, lava of melk van een koe!
tips.game.10	Gebruik een schoffel om stukken grond te ontginnen voor planten.
tips.game.11	Spinnen vallen je overdag niet aan, alleen als jij hen aanvalt.
tips.game.12	Door dieren te voeren voorkom je dat ze verdwijnen. Bouw een hok om je dieren te beschermen.
tips.game.13	Het eten van gekookt voedsel stilt de honger beter dan het eten van rauw voedsel.
tips.game.14	Vervaardig fakkels om donkere gebieden, waar monster schuilgaan, te verlichten!
tips.game.15	Bereik je bestemming sneller met een mijnkarretje en spoor.
tips.game.16	Plant jonge boompjes om ze uit te laten groeien tot volwassen bomen.
tips.game.17	Varkensmannen vallen je overdag niet aan, alleen als jij hen aanvalt.
tips.game.18	Slaap in een bed om je spawnpunt te wijzigen en snel naar zonsopgang te gaan.
tips.game.19	Sla die vuurballen terug naar de Ghast!
tips.game.20	Bouw een portaal om naar een andere dimensie te reizen, de Nether.
tips.game.22	Gebruik het juiste gereedschap voor elke klus! Graven gaat zoveel sneller met een spade dan met een pikhouweel!
tips.game.23	Als je geen steenkool kunt vinden voor je fakkels, kun je altijd houtskool maken van bomen in een oven.
tips.game.24	Recht omlaag of omhoog graven is geen goed idee.
tips.game.25	Je kunt beendermeel (wat je maakt van skeletbotten) gebruiken als meststof en er dingen meteen mee laten groeien!
tips.game.26	Creepers ontploffen als ze in je buurt zijn!
tips.game.27	Lavaglas ontstaat op het moment dat water een lavabronblok raakt.
tips.game.28	Als je het bronblok voor water of lava verwijdert, wordt de stroom volledig gestopt.
tips.game.29	Keien zijn bestand tegen de vuurballen van Ghasts en daarom handig om portalen te bewaken.
tips.game.30	Met blokken die je kunt gebruiken als lichtbron smelt je sneeuw en ijs. Dit geldt ook voor fakkels, gloeistenen en dwaallichten.
tips.game.31	Wees voorzichtig tijdens de bouw van bouwwerken van wol in de open lucht. Bliksem tijdens onweer kan de wol vlam laten vatten.
tips.game.32	Met een enkele emmer lava kun je in de oven 100 blokken smelten.
tips.game.33	Het instrument waarop wordt gespeeld door een notenblok is afhankelijk van het materiaal eronder.
tips.game.34	Zombies en skeletten kunnen tegen daglicht als ze zich in water bevinden of een helm dragen.
tips.game.35	Als je een wolf aanvalt, worden alle wolven in de directe omgeving boos en vallen je aan. Ook zombievarkensmannen functioneren op deze manier.
tips.game.36	Wolven en ijzergolems vallen Creepers niet aan.
tips.game.37	Kippen leggen elke 5 tot 10 minuten een ei.
tips.game.38	Je kunt lavaglas alleen delven met een diamanten pikhouweel.
tips.game.39	Creepers zijn de makkelijkst verkrijgbare bron van buskruit.
tips.game.41	Plaats twee kisten naast elkaar om één grote te maken.
tips.game.42	Bij tamme wolven kun je aan de positie van hun staart hun gezondheid aflezen. Voer ze vlees om ze te genezen.
tips.game.43	Je kunt met verschillende materialen verschillende kleuren verf maken. Je kunt bijvoorbeeld een cactus in de oven koken om groene verf te maken!
tips.game.44	Op mobiele apparaten kun je het pakket 'Muziek van Minecraft' downloaden onder de categorie Muziek in de Minecraft-winkel.
tips.game.45	Sommige dieren volgen je als je tarwe in je hand hebt.
tips.trivia.1	Muziek van C418!
tips.trivia.2	Uiteindelijk komt er een update voor dit spel!
tips.trivia.3	Mojang heeft meer prijzen dan personeel!
tips.trivia.4	Sommige beroemde mensen spelen Minecraft!
tips.trivia.5	Kijk niet rechtstreeks naar de foutjes.
tips.trivia.6	Creepers zijn het resultaat van een programmeerfoutje.
tips.trivia.7	Is het een kip of is het een eend?
tips.trivia.8	Was je ook bij Minecon?
tips.trivia.9	Niemand van Mojang heeft ooit Junkboy's gezicht gezien.
tips.trivia.10	Wist je dat er een Minecraft Wiki is?
tips.trivia.11	Minecon 2011 werd gehouden in Las Vegas, Nevada, Verenigde Staten!
tips.trivia.12	Minecon 2012 werd gehouden in Parijs, Frankrijk!
tips.trivia.13	Minecon 2013 werd gehouden in Orlando, Florida, Verenigde Staten!
tips.trivia.14	Niemand weet meer waar Minecon 2014 werd gehouden.
tips.trivia.15	Minecon 2015 werd gehouden in Londen, Verenigd Koninkrijk!
tips.trivia.16	Minecon 2016 werd gehouden in Anaheim, Californië, Verenigde Staten!
tips.trivia.17	Ga er altijd vanuit dat geruchten niet kloppen.
tips.trivia.18	De eerste versie van Minecraft werd in slechts 6 dagen gemaakt!
tips.trivia.19	De Endermantaal is eigenlijk omgekeerd Nederlands.
tips.trivia.20	De oorspronkelijke naam van Minecraft was Cave Game.
tips.trivia.21	Varkens die door bliksem worden geraakt, worden zombievarkensmannen!
tips.trivia.22	Endermannen hebben er een hekel aan om in bad te gaan! 
tips.trivia.23	Soms geven ijzergolems bloemen aan kinderen in het dorp!
tips.trivia.24	Een spinberijder is de zeldzame verschijning van een spin die door een skelet wordt bereden!
tips.trivia.25	Als je in de Nether één blok reist, staat dat gelijk aan acht blokken in de bovenwereld.
numc3ds.transfer.import	Werelden importeren
numc3ds.transfer.export	Wereld exporteren
numc3ds.transfer.export_action	Wereld exporteren
numc3ds.transfer.copying	Wereld kopiëren
numc3ds.transfer.verifying	Wereld controleren
numc3ds.transfer.replacing	Export vervangen
numc3ds.transfer.invalid	Ongeldige wereld overgeslagen
numc3ds.transfer.capacity	Onvoldoende opslagruimte
numc3ds.transfer.cancelled	Overdracht geannuleerd
numc3ds.transfer.cleanup	Opschonen van de SD-kaart vereist
numc3ds.transfer.complete	Overdracht voltooid
numc3ds.transfer.replace	Export vervangen
numc3ds.transfer.cancel	Annuleren
